coreid,identifiedBy,identifiedByID,dateIdentified,identificationQualifier,scientificName,identificationIsCurrent,scientificNameAuthorship,genus,specificEpithet,taxonRank,infraspecificEpithet,identificationReferences,identificationRemarks,recordId,modified
375282,"Alice F. Hossfeld",,2019-09-27,,"Eschscholzia californica subsp. californica",1,Cham.,,,,,"Based on: Still. 2014.Phytokeys 35:45-56.",,urn:uuid:d14447fd-6699-41f2-ba7b-9b61f326f1a7,"2019-09-27 13:55:09"
375282,unknown,,s.d.,,"Eschscholzia californica",0,Cham.,,,,,,,urn:uuid:5e01ed30-a1ec-4750-bc98-9ee2200e29ff,"2019-09-27 13:55:09"
375283,"Alice F. Hossfeld",,2019-09-27,,"Eschscholzia californica subsp. californica",1,Cham.,,,,,"Based on: Still. 2014.Phytokeys 35:45-56.",,urn:uuid:6b1a1e9a-2caa-4915-a6a7-690bc858e647,"2019-09-27 13:58:02"
375283,unknown,,s.d.,,"Eschscholzia californica",0,Cham.,,,,,,,urn:uuid:b4b5c0ba-0598-473a-b4ef-2a2788a707cf,"2019-09-27 13:58:02"
375284,"Alice F. Hossfeld",,2019-09-27,,"Eschscholzia californica subsp. californica",1,Cham.,,,,,"Based on: Still. 2014.Phytokeys 35:45-56.",,urn:uuid:b8ce70d8-5b3c-4926-9baa-95b1c7106d4c,"2019-09-27 13:58:02"
375284,unknown,,s.d.,,"Eschscholzia californica",0,Cham.,,,,,,,urn:uuid:edf53e99-2547-4765-8e23-0212c2bb1813,"2019-09-27 13:58:02"
375285,"Alice F. Hossfeld",,2019-09-27,,"Eschscholzia californica subsp. californica",1,Cham.,,,,,"Based on: Still. 2014.Phytokeys 35:45-56.",,urn:uuid:db11b007-d14c-4cdf-bac2-bd7060748847,"2019-09-27 16:11:41"
375285,unknown,,s.d.,,"Eschscholzia californica",0,Cham.,,,,,,,urn:uuid:ddd8ebd3-a3ad-45b3-b24e-7035945761a4,"2019-09-27 16:11:41"
375286,"Alice F. Hossfeld",,2019-09-27,,"Eschscholzia californica subsp. californica",1,Cham.,,,,,"Based on: Still. 2014.Phytokeys 35:45-56.",,urn:uuid:a3559343-82ae-4351-a85c-c95452acc5a9,"2019-09-27 16:14:09"
375286,unknown,,s.d.,,"Eschscholzia californica",0,Cham.,,,,,,,urn:uuid:e6284b09-d85e-45b2-a7fd-d527a47c68cb,"2019-09-27 16:14:09"
375287,"Alice F. Hossfeld",,2019-09-27,,"Eschscholzia californica subsp. californica",1,Cham.,,,,,"Based on: Still. 2014.Phytokeys 35:45-56.",,urn:uuid:fe9936af-c9a3-40c0-9f55-75985a5c2b29,"2019-09-27 13:58:02"
375287,unknown,,s.d.,,"Eschscholzia californica",0,Cham.,,,,,,,urn:uuid:380fe6c5-a87e-48f4-a02c-406b464e2e95,"2019-09-27 13:58:02"
375288,"Alice F. Hossfeld",,2019-09-27,,"Eschscholzia californica subsp. californica",1,Cham.,,,,,"Based on: Still. 2014.Phytokeys 35:45-56.",,urn:uuid:9b26af96-707a-4bb5-8307-263be2b71c65,"2019-09-27 13:58:02"
375288,unknown,,s.d.,,"Eschscholzia californica",0,Cham.,,,,,,,urn:uuid:bd662699-ddf5-41e6-95ef-452fd1427963,"2019-09-27 13:58:02"
375290,"Alice F. Hossfeld",,2019-09-27,,"Eschscholzia californica subsp. californica",1,Cham.,,,,,"Based on: Still. 2014.Phytokeys 35:45-56.",,urn:uuid:c40f202d-2d0c-4bf0-b033-a75906957120,"2019-09-27 13:58:02"
375290,unknown,,s.d.,,"Eschscholzia californica",0,Cham.,,,,,,,urn:uuid:df45c3df-2ec9-4cee-b2bc-d5c9466dd780,"2019-09-27 13:58:02"
375291,"Alice F. Hossfeld",,2019-09-27,,"Eschscholzia californica subsp. californica",1,Cham.,,,,,"Based on: Still. 2014.Phytokeys 35:45-56.",,urn:uuid:a42250c0-1e86-4254-96b2-1feac0c82fde,"2019-09-27 13:58:02"
375291,unknown,,s.d.,,"Eschscholzia californica",0,Cham.,,,,,,,urn:uuid:e54c1ecc-f546-4444-a0f9-f1c89c18947b,"2019-09-27 13:58:02"
375292,"Alice F. Hossfeld",,2019-09-27,,"Eschscholzia californica subsp. californica",1,Cham.,,,,,"Based on: Still. 2014.Phytokeys 35:45-56.",,urn:uuid:09eea8df-7b95-4413-8018-508ec491505a,"2019-09-27 13:58:02"
375292,unknown,,s.d.,,"Eschscholzia californica",0,Cham.,,,,,,,urn:uuid:6336317a-30e0-4eb4-b2b2-e49e290de708,"2019-09-27 13:58:02"
375294,"Alice F. Hossfeld",,2019-09-27,,"Eschscholzia californica subsp. californica",1,Cham.,,,,,"Based on: Still. 2014.Phytokeys 35:45-56.",,urn:uuid:5ba937c0-4300-4f2d-aa97-87d2a42d585c,"2019-09-27 13:58:02"
375294,unknown,,s.d.,,"Eschscholzia californica",0,Cham.,,,,,,,urn:uuid:298a2381-bda5-4749-aef3-afc3437170b0,"2019-09-27 13:58:02"
375295,"Alice F. Hossfeld",,2019-09-27,,"Eschscholzia californica subsp. californica",1,Cham.,,,,,"Based on: Still. 2014.Phytokeys 35:45-56.",,urn:uuid:4163debe-3ee9-4262-8c16-3caf001f158f,"2019-09-27 13:55:09"
375295,unknown,,s.d.,,"Eschscholzia californica",0,Cham.,,,,,,,urn:uuid:54622395-4880-47b7-8946-d47906235c19,"2019-09-27 13:55:09"
375296,"Alice F. Hossfeld",,2019-09-27,,"Eschscholzia californica subsp. californica",1,Cham.,,,,,"Based on: Still. 2014.Phytokeys 35:45-56.",,urn:uuid:3b2a60c3-78c6-44e5-b1a9-bf3a3ae20fe8,"2019-09-27 13:58:02"
375296,unknown,,s.d.,,"Eschscholzia californica",0,Cham.,,,,,,,urn:uuid:c43084e5-c930-4e33-8e22-1aeab846fa26,"2019-09-27 13:58:02"
375297,"Alice F. Hossfeld",,2019-09-27,,"Eschscholzia californica subsp. californica",1,Cham.,,,,,"Based on: Still. 2014.Phytokeys 35:45-56.",,urn:uuid:5063111a-2181-4bc8-b1fb-7c73d95e2d5a,"2019-09-27 13:58:02"
375297,unknown,,s.d.,,"Eschscholzia californica",0,Cham.,,,,,,,urn:uuid:bf7e63d6-2227-4480-b0b0-7ede071e6cae,"2019-09-27 13:58:02"
375298,"Alice F. Hossfeld",,2019-09-27,,"Eschscholzia californica subsp. californica",1,Cham.,,,,,"Based on: Still. 2014.Phytokeys 35:45-56.",,urn:uuid:b6ad63d7-76fc-413a-acd0-39390652b6e1,"2019-09-27 13:58:02"
375298,unknown,,s.d.,,"Eschscholzia californica",0,Cham.,,,,,,,urn:uuid:961f1cda-63de-4ef7-b874-85ca5200a2be,"2019-09-27 13:58:02"
375299,"Alice F. Hossfeld",,2019-09-27,,"Eschscholzia californica subsp. californica",1,Cham.,,,,,"Based on: Still. 2014.Phytokeys 35:45-56.",,urn:uuid:41072336-2f71-4457-9480-228bacf01c4d,"2019-09-27 13:58:02"
375299,unknown,,s.d.,,"Eschscholzia californica",0,Cham.,,,,,,,urn:uuid:5b5ca466-86db-4108-9187-aa8368a32f3e,"2019-09-27 13:58:02"
375307,"Alice F. Hossfeld",,2019-09-27,,"Eschscholzia californica subsp. californica",1,Cham.,,,,,"Based on: Still. 2014.Phytokeys 35:45-56.",,urn:uuid:aede96e1-aa13-45e2-8647-a1c55ef24d4b,"2019-09-27 13:58:02"
375307,unknown,,s.d.,,"Eschscholzia californica",0,Cham.,,,,,,,urn:uuid:41b58e35-648f-4e3f-8be8-4524d28cf499,"2019-09-27 13:58:02"
375308,"Alice F. Hossfeld",,2019-09-27,,"Eschscholzia californica subsp. californica",1,Cham.,,,,,"Based on: Still. 2014.Phytokeys 35:45-56.",,urn:uuid:0ab5a4f7-6257-42dc-9bd2-475d562d9515,"2019-09-27 13:58:02"
375308,unknown,,s.d.,,"Eschscholzia californica",0,Cham.,,,,,,,urn:uuid:610938ec-6081-47f7-9669-ac98e57d6088,"2019-09-27 13:58:02"
375309,"Alice F. Hossfeld",,2019-09-27,,"Eschscholzia californica subsp. californica",1,Cham.,,,,,"Based on: Still. 2014.Phytokeys 35:45-56.",,urn:uuid:b7fb5ac7-9bb0-4237-bba5-ea57259322e1,"2019-09-27 13:58:02"
375309,"D. F. Howe",,6/22/1952,,"Eschscholzia californica",0,Cham.,,,,,,,urn:uuid:b6d4cd6a-7693-4722-8759-a02c62508cd2,"2019-09-27 13:58:02"
375310,"Alice F. Hossfeld",,2019-09-27,,"Eschscholzia californica subsp. californica",1,Cham.,,,,,"Based on: Still. 2014.Phytokeys 35:45-56.",,urn:uuid:4e60a37b-e2ce-4ee3-b445-ff4f7245b33e,"2019-09-27 13:58:02"
375310,unknown,,s.d.,,"Eschscholzia californica",0,Cham.,,,,,,,urn:uuid:88d361a0-c8f0-43f8-9226-7c0009ce484b,"2019-09-27 13:58:02"
375312,"Alice F. Hossfeld",,2019-09-27,,"Eschscholzia californica subsp. californica",1,Cham.,,,,,"Based on: Still. 2014.Phytokeys 35:45-56.",,urn:uuid:1af00d98-8c03-4b9d-9a97-68ede68d1beb,"2019-09-27 13:58:02"
375312,unknown,,s.d.,,"Eschscholzia californica",0,Cham.,,,,,,,urn:uuid:a8534af0-5e5f-4ab7-aa00-b0fc77ed79be,"2019-09-27 13:58:02"
375321,"Alice F. Hossfeld",,2019-09-27,,"Eschscholzia californica subsp. californica",1,Cham.,,,,,"Based on Jepson eFlora",,urn:uuid:d0648edb-4cd5-476a-a99e-c009f048c650,"2019-09-27 17:10:23"
375321,"Kimberly O? Conner",,9/1/2000,,"Eschscholzia californica",0,Cham.,,,,,"The Jepson Manual (Hickman, ed.,1993)",,urn:uuid:e4b3ae61-7a7e-4a1e-a3d3-373fcea4ad12,"2019-09-27 17:10:23"
375323,"Alice F. Hossfeld",,2019-09-27,,"Eschscholzia californica subsp. mexicana",1,"(Greene) C. Clark",,,,,"Based on: Still. 2014.Phytokeys 35:45-56.",,urn:uuid:cfe17ac9-90bf-49b5-9fd5-16af7f678570,"2019-09-27 17:35:06"
375323,unknown,,s.d.,,"Eschscholzia mexicana",0,"(E. Greene) C. Clark",,,,,,,urn:uuid:6e4986c1-697b-4294-a552-ab2034c4475c,"2019-09-27 17:35:06"
375324,"Alice F. Hossfeld",,2019-09-27,,"Eschscholzia californica subsp. californica",1,Cham.,,,,,"Based on: Still. 2014.Phytokeys 35:45-56.",,urn:uuid:847fa1f5-dc11-47a7-8957-b14fc6e296f4,"2019-09-27 17:39:11"
375324,unknown,,s.d.,,"Eschscholzia californica var. peninsularis",0,"(Greene) Munz",,,,,,,urn:uuid:e4bc8307-eb75-4c40-9a7f-8b7f3713116e,"2019-09-27 17:39:11"
375325,"Alice F. Hossfeld",,2019-09-27,,"Eschscholzia californica subsp. californica",1,Cham.A,,,,,"Based on: Still. 2014.Phytokeys 35:45-56.",,urn:uuid:f39340f2-ca2a-4ded-a23c-60205142e5e2,"2019-09-27 17:40:13"
375325,unknown,,s.d.,,"Eschscholzia californica",0,Cham.,,,,,,,urn:uuid:3c4325a6-a8cd-441a-a68c-70503d817798,"2019-09-27 17:40:13"
375330,"Alice F. Hossfeld",,2019-09-27,,"Eschscholzia californica subsp. californica",1,Cham.,,,,,"Based on: Still. 2014.Phytokeys 35:45-56.",,urn:uuid:162d4b60-f069-4b57-b846-802ea407fb03,"2019-09-27 17:52:41"
375330,unknown,,s.d.,,"Eschscholzia multiflora",0,"S. Watson",,,,,,,urn:uuid:903509a0-1610-4bfe-b50c-6b46ac8b5d7a,"2019-09-27 17:52:41"
375334,"Alice F. Hossfeld",,2019-09-26,,"Eschscholzia californica subsp. mexicana",0,"(Greene) C. Clark",,,,,"Based on: Still. 2014.Phytokeys 35:45-56.",,urn:uuid:4c951af8-b334-492e-8004-24e23ab26577,"2019-09-26 17:28:27"
375334,"Alice F. Hossfeld",,2019-09-26,,"Eschscholzia mexicana",0,Greene,,,,,"Based on Jepson eFlora",,urn:uuid:a839ad21-9f2d-40ac-b6bb-bbd972b0d9a4,"2019-09-26 17:28:27"
387273,"Alice F. Hossfeld",,2019-09-27,,"Eschscholzia californica subsp. californica",1,Cham.,,,,,"Based on: Still. 2014.Phytokeys 35:45-56.",,urn:uuid:0cee5aff-f1c8-4f75-b10b-85e4619120ea,"2019-09-27 13:58:02"
387273,unknown,,s.d.,,"Eschscholzia californica",0,Cham.,,,,,,,urn:uuid:f49fbf17-37f7-4d7f-accb-c8d3df895a65,"2019-09-27 13:58:02"
387648,"Alice F. Hossfeld",,2019-09-27,,"Eschscholzia californica subsp. californica",1,Cham.,,,,,"Based on: Still. 2014.Phytokeys 35:45-56.",,urn:uuid:0b5e4df7-b3be-4097-b5a3-87ac452dcf8c,"2019-09-27 13:58:02"
387648,"Ana Gaisiner",,"March 30, 2000",,"Eschscholzia californica",0,Cham.,,,,,"The Jepson Manual (Hickman, ed.,1993)",,urn:uuid:6653fd7d-1aa3-4b1b-b560-09dddc1d63ff,"2019-09-27 13:58:02"
387672,"Alice F. Hossfeld",,2019-09-27,,"Eschscholzia californica subsp. californica",1,Cham.,,,,,"Based on: Still. 2014.Phytokeys 35:45-56.",,urn:uuid:55891ac7-0f26-4c52-a791-07082110bc6f,"2019-09-27 13:58:02"
387672,"Ryan Jacobson",,5-19-2000,,"Eschscholzia californica",0,Cham.,,,,,"The Jepson Manual (Hickman, ed.,1993)",,urn:uuid:0ad6a743-4bc9-4dec-9333-8b8b63d166fb,"2019-09-27 13:58:02"
388554,"Alice F. Hossfeld",,2019-09-27,,"Eschscholzia californica subsp. californica",1,Cham.,,,,,"Based on: Still. 2014.Phytokeys 35:45-56.",,urn:uuid:68f9bd84-f04a-4add-858d-0a1f455575b4,"2019-09-27 13:58:02"
388554,"Ingrid D. Poulin",,4/24/2002,,"Eschscholzia californica",0,Cham.,,,,,"The Jepson Manual, 1996",,urn:uuid:73f59c04-ac9b-4765-81c3-0f7b5c519168,"2019-09-27 13:58:02"
388655,"Alice F. Hossfeld",,2019-09-27,,"Eschscholzia californica subsp. californica",1,Cham.,,,,,"Based on: Still. 2014.Phytokeys 35:45-56.",,urn:uuid:5e85dfd0-632a-4be8-91b6-d4d33aee8fb3,"2019-09-27 13:58:02"
388655,"John Viggiano",,3/13/2003,,"Eschscholzia californica",0,Cham.,,,,,"The Jepson Manual (Hickman, ed.,1993)",,urn:uuid:18896893-be5f-4eda-a148-b2af07aeda45,"2019-09-27 13:58:02"
389149,"Alice F. Hossfeld",,2019-09-27,,"Eschscholzia californica subsp. californica",1,Cham.,,,,,"Based on: Still. 2014.Phytokeys 35:45-56.",,urn:uuid:1143da6a-a8cb-4d40-9426-51a3c6baeafd,"2019-09-27 13:55:09"
389149,"Michael G. Simpson & Arlene Estrella",,s.d.,,"Eschscholzia californica",0,Cham.,,,,,"The Jepson Manual (Hickman, ed.,1993)",,urn:uuid:fc69d549-db4e-4cb8-b38f-30a4cb6d910f,"2019-09-27 13:55:09"
389244,"Alice F. Hossfeld",,2019-09-27,,"Eschscholzia californica subsp. californica",1,Cham.,,,,,"Based on: Still. 2014.Phytokeys 35:45-56.",,urn:uuid:986bc1d2-76af-4553-a3e7-812e8aed2cd7,"2019-09-27 13:58:02"
389244,unknown,,s.d.,,"Eschscholzia californica",0,Cham.,,,,,,,urn:uuid:9ba137af-3704-475c-bf5a-aab874e74a4e,"2019-09-27 13:58:02"
389245,"Alice F. Hossfeld",,2019-09-27,,"Eschscholzia californica subsp. californica",1,Cham.,,,,,"Based on: Still. 2014.Phytokeys 35:45-56.",,urn:uuid:63b09e04-2c3f-42c6-833d-5aa5088dad78,"2019-09-27 13:58:02"
389245,unknown,,s.d.,,"Eschscholzia californica",0,Cham.,,,,,,,urn:uuid:6d24dff2-c82f-459d-9196-345ffb27f494,"2019-09-27 13:58:02"
389494,"Alice F. Hossfeld",,2019-09-27,,"Eschscholzia californica subsp. californica",1,Cham.,,,,,"Based on: Still. 2014.Phytokeys 35:45-56.",,urn:uuid:0a1bec19-81a6-440d-95d7-8a039ce21a95,"2019-09-27 13:58:02"
389494,unknown,,s.d.,,"Eschscholzia californica",0,Cham.,,,,,,,urn:uuid:166b8805-8466-4791-b657-40f045ca9d89,"2019-09-27 13:58:02"
389654,"Alice F. Hossfeld",,2019-09-27,,"Eschscholzia californica subsp. californica",1,Cham.,,,,,"Based on: Still. 2014.Phytokeys 35:45-56.",,urn:uuid:8914314a-2a52-4426-a2dc-1b04db5f30b2,"2019-09-27 13:58:02"
389654,"Dinna C. Estrella",,6/26/2003,,"Eschscholzia californica",0,Cham.,,,,,"The Jepson Manual, Hickman Ed., 1996",,urn:uuid:9b58c3e4-b0a0-4a0e-9beb-398de6ca0cc8,"2019-09-27 13:58:02"
389972,"Alice F. Hossfeld",,2019-09-27,,"Eschscholzia californica subsp. californica",1,Cham.,,,,,"Based on: Still. 2014.Phytokeys 35:45-56.",,urn:uuid:2379c2ab-a2d1-4211-9185-1e437e6248ee,"2019-09-27 13:58:02"
389972,"D.C. Estrella",,5/5/2003,,"Eschscholzia californica",0,Cham.,,,,,"The Jepson Manual (Hickman, ed.,1996)",,urn:uuid:77d7c316-5c2d-4b0f-b2f2-0afd0a405820,"2019-09-27 13:58:02"
390056,"Alice F. Hossfeld",,2019-09-27,,"Eschscholzia californica subsp. californica",1,Cham.,,,,,"Based on: Still. 2014.Phytokeys 35:45-56.",,urn:uuid:303d277f-3e9e-48a3-96d8-20e4a5beac3a,"2019-09-27 13:55:09"
390056,"Ed Woch",,s.d.,,"Eschscholzia californica",0,Cham.,,,,,"The Jepson Manual (Hickman, ed.,1996)",,urn:uuid:05117cd9-fdb0-4652-ac29-2dffd659563b,"2019-09-27 13:55:09"
390220,"R.K. Lauri",,12/19/2002,,"Eschscholzia californica",0,Cham.,,,,,,,urn:uuid:649b94ec-aded-40f6-9e0a-97ce82d2be3c,"2019-09-27 13:58:02"
390220,"Alice F. Hossfeld",,2019-09-27,,"Eschscholzia californica subsp. californica",1,Cham.,,,,,"Based on: Still. 2014.Phytokeys 35:45-56.",,urn:uuid:bc63a916-6f2a-440b-995a-9f3eacb31543,"2019-09-27 13:58:02"
392896,"Alice F. Hossfeld",,2019-09-27,,"Eschscholzia californica subsp. californica",1,Cham.,,,,,"Based on: Still. 2014.Phytokeys 35:45-56.",,urn:uuid:bf3f032a-13f8-40c1-b93d-b3d975229baa,"2019-09-27 13:58:02"
392896,"C. Matt Guilliams",,4-25-2008,,"Eschscholzia californica",0,Cham.,,,,,"The Jepson Manual (Hickman, ed.,1993)",,urn:uuid:2aba0602-9abb-4078-95b9-fc86dd91997e,"2019-09-27 13:58:02"
392920,"Alice F. Hossfeld",,2019-09-27,,"Eschscholzia californica subsp. californica",1,Cham.,,,,,"Based on: Still. 2014.Phytokeys 35:45-56.",,urn:uuid:63c31183-b696-475f-9df4-8a78ed0c672b,"2019-09-27 13:58:02"
392920,"C. Matt Guilliams",,4-25-2008,,"Eschscholzia californica",0,Cham.,,,,,"The Jepson Manual (Hickman, ed.,1993)",,urn:uuid:a6dd1486-803e-488a-97e4-b3aa5a24b21a,"2019-09-27 13:58:02"
393205,"Alice F. Hossfeld",,2019-09-27,,"Eschscholzia californica subsp. californica",1,Cham.,,,,,"Based on: Still. 2014.Phytokeys 35:45-56.",,urn:uuid:979ae182-0aa9-416d-9eac-7bc13792a82a,"2019-09-27 13:58:02"
393205,"C. Matt Guilliams",,6-21-2008,,"Eschscholzia californica",0,Cham.,,,,,"The Jepson Manual (Hickman, ed.,1993)",,urn:uuid:efa91da7-23ef-45ff-b0fe-7967ce794433,"2019-09-27 13:58:02"
395052,"Alice F. Hossfeld",,2019-09-26,,"Eschscholzia californica subsp. mexicana",0,"(Greene) C. Clark",,,,,"Based on: Still. 2014.Phytokeys 35:45-56.",,urn:uuid:5bd90cff-e994-4db7-8f95-8ba56491f3a9,"2019-09-26 17:24:08"
395052,"Alice F. Hossfeld",,2019-09-26,,"Eschscholzia mexicana",0,Greene,,,,,"Based on Jepson eFlora",,urn:uuid:b2a82011-b389-4b6f-83c5-6cead80aad87,"2019-09-26 17:24:09"
395053,"Alice F. Hossfeld",,2019-09-26,,"Eschscholzia californica subsp. mexicana",0,"(Greene) C. Clark",,,,,"Based on: Still. 2014.Phytokeys 35:45-56.",,urn:uuid:2ab43460-aee6-4ddb-bed1-0fa4c68cbeb1,"2019-09-26 17:21:48"
395053,"Alice F. Hossfeld",,2019-09-26,,"Eschscholzia mexicana",0,Greene,,,,,"Based on Jepson eFlora",,urn:uuid:91d02545-4d99-4376-b8d1-7c7d486855a7,"2019-09-26 17:21:48"
395054,"Alice F. Hossfeld",,2019-09-26,,"Eschscholzia californica subsp. mexicana",1,"(Greene) C. Clark",,,,,"Based on: Still. 2014.Phytokeys 35:45-56.",,urn:uuid:1b217d7e-f793-4067-9912-8f06324a4511,"2019-09-26 17:20:09"
395054,"Alice F. Hossfeld",,2019-09-26,,"Eschscholzia mexicana",0,Greene,,,,,"Based on Jepson eFlora",,urn:uuid:a6e1c037-84c8-42a4-9eb1-7db4cf67ff63,"2019-09-26 17:20:09"
395055,"Alice F. Hossfeld",,2019-09-26,,"Eschscholzia californica subsp. mexicana",1,"(Greene) C. Clark",,,,,"Based on: Still. 2014.Phytokeys 35:45-56.",,urn:uuid:ff497f9c-041a-4346-b317-1bee4e2ec1b9,"2019-09-26 17:17:45"
395055,"Alice F. Hossfeld",,2019-09-26,,"Eschscholzia mexicana",0,Greene,,,,,"Based on Jepson eFlora",,urn:uuid:46ca4fd4-08c0-47ed-9bb8-650b6440d36c,"2019-09-26 17:17:45"
3654880,"Alice F. Hossfeld",,2019-09-27,,"Eschscholzia californica subsp. californica",1,Cham.,,,,,"Based on: Still. 2014.Phytokeys 35:45-56.",,urn:uuid:8bf93337-7c00-4052-bd5e-8ff1b1b8e9f8,"2019-09-27 13:55:09"
3654880,unknown,,s.d.,,"Eschscholzia californica",0,Cham.,,,,,,,urn:uuid:85856306-d0d3-483a-abdd-5193519d5804,"2019-09-27 13:55:09"
183064,"David J. Keil",,1998,,"Eschscholzia californica",1,Cham.,,,,,,,urn:uuid:c1335229-8552-4d35-9f3a-dafb4ced653c,"2019-06-28 17:07:24"
183064,"original identification",,undetermined,,"Eschscholzia caespitosa",0,,,,,,,,urn:uuid:8223519d-053b-4e68-8271-e2b29fba35ab,"2018-09-25 02:45:36"
183191,"original identification",,undetermined,,"Evax sparsiflora",0,,,,,,,,urn:uuid:2504e8ea-dbca-41ff-8449-93693e6e28a5,"2018-09-25 02:45:36"
183243,"original identification",,undetermined,,"Eschscholzia maritima",0,,,,,,,,urn:uuid:123fe059-d45e-4741-967f-ebc474271ffc,"2018-09-25 02:45:36"
620920,"Michael G. Simpson and Rebecca E. Crowe",,2019-11-20,,"Eschscholzia californica",1,Cham.,,,,,,,urn:uuid:34d07640-e727-4b48-abe1-cb11782ae760,"2019-11-20 17:44:20"
620920,unknown,,s.d.,,"Eschscholzia caespitosa",0,Benth.,,,,,,,urn:uuid:36fb8f6d-c8da-4c39-93a3-885e455282c1,"2019-11-20 17:44:20"
621079,"Michael G. Simpson and Rebecca E. Crowe",,2019-11-19,,"Eschscholzia californica",1,Cham.,,,,,,,urn:uuid:0cf9bf5f-00b8-41c5-b9fb-d82299d461b5,"2019-11-20 17:34:00"
621079,unknown,,s.d.,,"Eschscholzia caespitosa",0,Benth.,,,,,,,urn:uuid:493cc667-5486-4264-a17c-d21cf4fd7593,"2019-11-20 17:34:00"
1299202,,,,,"Eschscholzia californica Cham.",0,,,,,,,"original determination",urn:uuid:4697e143-2b58-481f-9352-dae3f46d8c52,"2018-12-21 16:49:08"
1299400,,,,,"Eschscholzia californica Cham.",0,,,,,,,"original determination",urn:uuid:ebe79d45-5c99-463d-8f87-e70445c0d365,"2018-12-21 16:49:08"
1299400,"Shannon M. Still",,May-11,,"Eschscholzia californica Cham.",0,,,,,,,,urn:uuid:b9ef8c38-7e3d-4637-babc-a4884469abfc,"2018-12-21 16:49:08"
1299489,,,,,"Eschscholzia californica Cham.",0,,,,,,,"original determination",urn:uuid:9a034afa-75a8-4804-ac4d-099ee791b79c,"2018-12-21 16:49:08"
1299489,"Shannon M. Still",,May-11,,"Eschscholzia californica Cham.",0,,,,,,,,urn:uuid:b38afa3d-ef4c-4c63-aa6c-e426c1c1e647,"2018-12-21 16:49:08"
1299948,,,,,"Eschscholzia californica Cham.",0,,,,,,,"original determination",urn:uuid:215040c1-7550-46bc-bf59-1ccd702ecfa8,"2018-12-21 16:49:08"
1299948,"Shannon M. Still",,May-11,,"Eschscholzia californica Cham.",0,,,,,,,,urn:uuid:74d2e8db-b4c2-4974-865f-46c4890a7392,"2018-12-21 16:49:08"
1300034,,,,,"Eschscholzia californica Cham.",0,,,,,,,"original determination",urn:uuid:62e5b593-22bd-4551-aa01-5e17827033b3,"2018-12-21 16:49:08"
1300034,"Shannon M. Still",,May-11,,"Eschscholzia californica Cham.",0,,,,,,,,urn:uuid:fab836b0-bb16-4d59-bb6d-77697d8971df,"2018-12-21 16:49:08"
1300871,,,,,"Eschscholzia californica Cham.",0,,,,,,,"original determination",urn:uuid:878317a7-1163-4070-9ee6-4c1f37babd80,"2018-12-21 16:49:08"
1300871,"Shannon M. Still",,May-11,,"Eschscholzia californica Cham.",0,,,,,,,,urn:uuid:47949aaa-e2ee-4d65-a1fc-41ed3d21e025,"2018-12-21 16:49:08"
1301693,,,,,"Eschscholzia californica Cham.",0,,,,,,,"original determination",urn:uuid:faef9075-50f6-47ff-8a91-5ae43c83f19d,"2018-12-21 16:49:08"
1301693,"Shannon M. Still",,May-11,,"Eschscholzia californica Cham.",0,,,,,,,,urn:uuid:6acde5ba-eed1-44c1-bbe6-cf1561238393,"2018-12-21 16:49:08"
1307549,,,,,"Eschscholzia californica Cham. var. maritima Jeps.",0,,,,,,,"original determination",urn:uuid:559769f3-9fd9-4457-ac00-4d0309935615,"2018-12-21 16:49:08"
1307549,"Shannon M. Still",,May-11,,"Eschscholzia californica Cham.",0,,,,,,,,urn:uuid:0ace8590-88d1-462c-96ee-50a1fc3ee192,"2018-12-21 16:49:08"
1315948,,,,,"Eschscholzia californica Cham.",0,,,,,,,"original determination",urn:uuid:0f78c0e8-7871-4fb5-9305-daf0bc7dfa4e,"2018-12-21 16:49:08"
1315949,,,,,"Eschscholzia californica Cham.",0,,,,,,,"original determination",urn:uuid:95a5f8f9-7aa2-4f08-985e-304084c784ff,"2018-12-21 16:49:08"
1323714,,,,,"Eschscholzia californica Cham.",0,,,,,,,"original determination",urn:uuid:505441a5-2d89-4008-a5d3-3624284d0b64,"2018-12-21 16:49:08"
1332016,,,,,"Eschscholzia californica Cham.",0,,,,,,,"original determination",urn:uuid:a8c388eb-29e8-4421-b8c1-b6a11e81ba34,"2018-12-21 16:49:08"
1332016,"Shannon M. Still",,May-11,,"Eschscholzia californica Cham.",0,,,,,,,,urn:uuid:c0247271-1505-4bef-a27c-bc9948b74e24,"2018-12-21 16:49:08"
1332107,,,,,"Eschscholzia californica Cham.",0,,,,,,,"original determination",urn:uuid:24ac12a7-01a2-4101-87a7-fdb35594fdc1,"2018-12-21 16:49:08"
1332107,"Shannon M. Still",,May-11,,"Eschscholzia californica Cham.",0,,,,,,,,urn:uuid:6561b342-50d0-4d97-8458-2cb259929ee0,"2018-12-21 16:49:08"
1332247,,,,,"Eschscholzia californica Cham.",0,,,,,,,"original determination",urn:uuid:45beb6cc-27dd-47f5-90a4-b920964a1df4,"2018-12-21 16:49:08"
1332293,"D. Sanchez-Mata",,,,"Eschscholzia californica Cham.",0,,,,,,,"original determination",urn:uuid:8e7a362b-9296-42c0-a55d-31be4c452f34,"2018-12-21 16:49:08"
1332293,"Shannon M. Still",,May-11,,"Eschscholzia californica Cham.",0,,,,,,,,urn:uuid:b80163e8-1898-45bc-933c-f1d6ab69eab8,"2018-12-21 16:49:08"
1333221,,,,,"Eschscholzia caespitosa Benth.",0,,,,,,,"original determination",urn:uuid:6d21227a-a2b8-4c4c-8905-17026fd1e827,"2018-12-21 16:49:08"
1333221,"Shannon M. Still",,May-11,,"Eschscholzia californica Cham.",0,,,,,,,,urn:uuid:50c3d12b-811f-473a-aa64-5a48c9109158,"2018-12-21 16:49:08"
1333393,,,,,"Eschscholzia californica Cham.",0,,,,,,,"original determination",urn:uuid:48f384da-6a84-4085-b11f-84d2eb697f8a,"2018-12-21 16:49:08"
1334023,,,,,"Eschscholzia californica Cham.",0,,,,,,,"original determination",urn:uuid:f633020e-6bad-42d2-b4d3-8f5ea862f914,"2018-12-21 16:49:08"
1334023,"Shannon M. Still",,May-11,,"Eschscholzia californica Cham.",0,,,,,,,,urn:uuid:35efab93-c3e7-4160-b629-055de4d05cd6,"2018-12-21 16:49:08"
1334316,,,2/20/2009,,"Eschscholzia californica Cham.",0,,,,,,,"original determination",urn:uuid:5e0bd32f-dc97-4053-8f55-462a9380fe3a,"2018-12-21 16:49:08"
1334316,"Shannon M. Still",,May-11,,"Eschscholzia californica Cham.",0,,,,,,,,urn:uuid:84678f7a-a20b-4a46-b0f9-0973abeb4e71,"2018-12-21 16:49:08"
1336508,,,5/1/2009,,"Eschscholzia californica Cham.",0,,,,,,,"original determination",urn:uuid:dc019302-c9a4-4b8c-9229-aa770a4c817e,"2018-12-21 16:49:08"
1336508,"Shannon M. Still",,May-11,,"Eschscholzia californica Cham.",0,,,,,,,,urn:uuid:6d2f6128-6d78-46fd-87c8-afba0b0dfffd,"2018-12-21 16:49:08"
1338323,,,5/17/2010,,"Eschscholzia californica Cham.",0,,,,,,,"original determination",urn:uuid:c44b0072-5f98-4932-b7c4-49a299fac2ba,"2018-12-21 16:49:08"
1339346,,,9/19/2010,,"Eschscholzia californica Cham.",0,,,,,,,"original determination",urn:uuid:aede18dd-f9dd-4a99-9b1d-d50900dbe501,"2018-12-21 16:49:08"
1339346,"Shannon M. Still",,May-11,,"Eschscholzia californica Cham.",0,,,,,,,,urn:uuid:8e316b74-f81b-4584-bb9d-550f40fe7681,"2018-12-21 16:49:08"
1347711,"Shannon M. Still",,May-11,,"Eschscholzia californica Cham.",0,,,,,,,,urn:uuid:38032f32-a9ae-4d38-9232-637d008d906c,"2018-12-21 16:49:08"
1347817,,,5/18/2011,,"Eschscholzia californica Cham.",0,,,,,,,"original determination",urn:uuid:e34b4cbd-959c-44ac-8d2c-30dfdbfe4614,"2018-12-21 16:49:08"
1347818,,,5/18/2011,,"Eschscholzia californica Cham.",0,,,,,,,"original determination",urn:uuid:8d4660df-4a6d-4d54-9266-97e0ca5e98bc,"2018-12-21 16:49:08"
1347827,,,5/18/2011,,"Eschscholzia californica Cham.",0,,,,,,,"original determination",urn:uuid:ec6516e5-b23f-4a40-93f1-835773754b17,"2018-12-21 16:49:08"
1347832,,,5/18/2011,,"Eschscholzia californica Cham.",0,,,,,,,"original determination",urn:uuid:e54b6714-4ac5-4907-b120-2ae14b09d953,"2018-12-21 16:49:08"
1347834,,,5/18/2011,,"Eschscholzia californica Cham.",0,,,,,,,"original determination",urn:uuid:ea36670c-4171-407a-b7c9-8352b29f98ed,"2018-12-21 16:49:08"
1347835,,,5/18/2011,,"Eschscholzia californica Cham.",0,,,,,,,"original determination",urn:uuid:54f2145e-276d-42a6-9521-192716a6ecf2,"2018-12-21 16:49:08"
1347836,,,5/18/2011,,"Eschscholzia californica Cham.",0,,,,,,,"original determination",urn:uuid:f26729c1-468c-4729-81f4-60c6ee04381c,"2018-12-21 16:49:08"
1347837,,,5/18/2011,,"Eschscholzia californica Cham.",0,,,,,,,"original determination",urn:uuid:93310472-9f8b-4c3d-8e76-d0172c18a5c0,"2018-12-21 16:49:08"
1347838,,,5/18/2011,,"Eschscholzia californica Cham.",0,,,,,,,"original determination",urn:uuid:4c07ba22-b026-48f2-9537-f155d68fdd1d,"2018-12-21 16:49:08"
1347839,,,5/18/2011,,"Eschscholzia californica Cham.",0,,,,,,,"original determination",urn:uuid:540955a2-806f-428e-bb79-f41b9cfca9ee,"2018-12-21 16:49:08"
1347840,,,5/18/2011,,"Eschscholzia californica Cham.",0,,,,,,,"original determination",urn:uuid:abc1c9d5-ebda-4d91-9e5c-76a09a3075bd,"2018-12-21 16:49:08"
1347841,,,5/18/2011,,"Eschscholzia californica Cham.",0,,,,,,,"original determination",urn:uuid:b0c604f1-b882-43ae-9b80-9c6b144fe456,"2018-12-21 16:49:08"
1347842,,,5/18/2011,,"Eschscholzia californica Cham.",0,,,,,,,"original determination",urn:uuid:1d9d9555-b3ab-4d5f-acba-b88fabc01980,"2018-12-21 16:49:08"
1347843,,,5/18/2011,,"Eschscholzia californica Cham.",0,,,,,,,"original determination",urn:uuid:71a609f8-081c-48cf-b775-1e84ad6397b8,"2018-12-21 16:49:08"
1347844,,,5/18/2011,,"Eschscholzia californica Cham.",0,,,,,,,"original determination",urn:uuid:b4423797-f8c6-40ed-8774-7ac32f06e3f1,"2018-12-21 16:49:08"
1347845,,,5/18/2011,,"Eschscholzia californica Cham.",0,,,,,,,"original determination",urn:uuid:c3dc4d77-d435-4555-b86a-a85d4d3af4f5,"2018-12-21 16:49:08"
1347846,,,5/18/2011,,"Eschscholzia californica Cham.",0,,,,,,,"original determination",urn:uuid:523a38b7-ce68-4572-ad16-3c858f1961b7,"2018-12-21 16:49:08"
1347847,,,5/18/2011,,"Eschscholzia californica Cham.",0,,,,,,,"original determination",urn:uuid:920f7f3c-a595-43bc-9477-bb0cb813fde6,"2018-12-21 16:49:08"
1347848,,,5/18/2011,,"Eschscholzia californica Cham.",0,,,,,,,"original determination",urn:uuid:1d5b45ad-3768-4397-8efc-f4b94b0eda12,"2018-12-21 16:49:08"
1347849,,,5/18/2011,,"Eschscholzia californica Cham.",0,,,,,,,"original determination",urn:uuid:041a3600-b8a2-4ee4-b102-594694c12a40,"2018-12-21 16:49:08"
1347850,,,5/18/2011,,"Eschscholzia californica Cham.",0,,,,,,,"original determination",urn:uuid:50881a78-0ed3-427d-98f2-19d69c2b4616,"2018-12-21 16:49:08"
1347851,,,5/18/2011,,"Eschscholzia californica Cham.",0,,,,,,,"original determination",urn:uuid:728172df-c285-4907-bc9c-6d223f060b88,"2018-12-21 16:49:08"
1347852,,,5/18/2011,,"Eschscholzia californica Cham.",0,,,,,,,"original determination",urn:uuid:c2ac9f6e-ec62-44de-bdff-d7a996d35493,"2018-12-21 16:49:08"
1347853,,,5/18/2011,,"Eschscholzia californica Cham.",0,,,,,,,"original determination",urn:uuid:ee9d43ff-e429-405b-9f32-7d70aa06febe,"2018-12-21 16:49:08"
1347854,,,5/18/2011,,"Eschscholzia californica Cham.",0,,,,,,,"original determination",urn:uuid:eb413b72-0c8b-4cb1-a052-726fa8c0decc,"2018-12-21 16:49:08"
1347855,,,5/18/2011,,"Eschscholzia californica Cham.",0,,,,,,,"original determination",urn:uuid:feaf4989-13ae-4e5d-9d9f-75158959ad60,"2018-12-21 16:49:08"
1347856,,,5/18/2011,,"Eschscholzia californica Cham.",0,,,,,,,"original determination",urn:uuid:7e3742cd-0eaa-49d7-8fee-129bd80610ac,"2018-12-21 16:49:08"
1347857,,,5/18/2011,,"Eschscholzia californica Cham.",0,,,,,,,"original determination",urn:uuid:133a6bf9-1090-4f7b-b721-a551660d53c5,"2018-12-21 16:49:08"
1347858,,,5/18/2011,,"Eschscholzia californica Cham.",0,,,,,,,"original determination",urn:uuid:0049d0af-ccb4-4858-ab2b-d240609ffe3d,"2018-12-21 16:49:08"
1347859,,,5/18/2011,,"Eschscholzia californica Cham.",0,,,,,,,"original determination",urn:uuid:a45d19d0-9910-4ace-9d62-fba1fe6d8ed8,"2018-12-21 16:49:08"
1347860,,,5/18/2011,,"Eschscholzia californica Cham.",0,,,,,,,"original determination",urn:uuid:4cf6251a-b342-443a-bb40-81cdcc13c2c5,"2018-12-21 16:49:08"
1347861,,,5/18/2011,,"Eschscholzia californica Cham.",0,,,,,,,"original determination",urn:uuid:9184cc39-bb39-4e0d-85de-8d8f381f996c,"2018-12-21 16:49:08"
1347862,,,5/18/2011,,"Eschscholzia californica Cham.",0,,,,,,,"original determination",urn:uuid:c5bf4c40-e3fe-4640-95d0-fba032187e9a,"2018-12-21 16:49:08"
1347863,,,5/18/2011,,"Eschscholzia californica Cham.",0,,,,,,,"original determination",urn:uuid:38944f63-d80a-4b9a-bfff-14f3362d0d1b,"2018-12-21 16:49:08"
1347864,,,5/18/2011,,"Eschscholzia californica Cham.",0,,,,,,,"original determination",urn:uuid:dd6c65f4-2774-4912-a538-48745ea423c0,"2018-12-21 16:49:08"
1347865,,,5/18/2011,,"Eschscholzia californica Cham.",0,,,,,,,"original determination",urn:uuid:3defadee-d198-4f41-9b67-337ddd35631d,"2018-12-21 16:49:08"
1347866,,,5/18/2011,,"Eschscholzia californica Cham.",0,,,,,,,"original determination",urn:uuid:22900bcd-b6f2-4245-897d-5d2277f913fb,"2018-12-21 16:49:08"
1347867,,,5/18/2011,,"Eschscholzia californica Cham.",0,,,,,,,"original determination",urn:uuid:076f5f88-cb38-4555-aa4d-7d2ff976246a,"2018-12-21 16:49:08"
1347868,,,5/18/2011,,"Eschscholzia californica Cham.",0,,,,,,,"original determination",urn:uuid:45769983-ccd1-4486-8d1a-6f5ce35288b4,"2018-12-21 16:49:08"
1347869,,,5/18/2011,,"Eschscholzia californica Cham.",0,,,,,,,"original determination",urn:uuid:367cd1b1-b8b4-48f4-9780-e5c376eb0886,"2018-12-21 16:49:08"
1347870,,,5/18/2011,,"Eschscholzia californica Cham.",0,,,,,,,"original determination",urn:uuid:f8ea1b1a-32cf-4810-b780-2b963f54f6a5,"2018-12-21 16:49:08"
1347938,,,5/18/2011,,"Eschscholzia californica Cham.",0,,,,,,,"original determination",urn:uuid:a34cdfd9-2f2e-42c1-af8d-7e2790872528,"2018-12-21 16:49:08"
1347939,,,5/18/2011,,"Eschscholzia californica Cham.",0,,,,,,,"original determination",urn:uuid:53398176-0bd3-449f-9754-1b7d3bd87091,"2018-12-21 16:49:08"
1347940,,,5/18/2011,,"Eschscholzia californica Cham.",0,,,,,,,"original determination",urn:uuid:7a1eeecf-5be7-47b8-b7d0-e0a157085202,"2018-12-21 16:49:08"
1347941,,,5/18/2011,,"Eschscholzia californica Cham.",0,,,,,,,"original determination",urn:uuid:8956f70b-43b6-4cec-b55d-0685466bd4d0,"2018-12-21 16:49:08"
1347942,,,5/18/2011,,"Eschscholzia californica Cham.",0,,,,,,,"original determination",urn:uuid:4fe46a03-e729-4d82-9d5a-a2c0e65d4ae3,"2018-12-21 16:49:08"
1347943,,,5/18/2011,,"Eschscholzia californica Cham.",0,,,,,,,"original determination",urn:uuid:ac04e319-afdd-45c0-9e4a-89d50df2312a,"2018-12-21 16:49:08"
1347944,,,5/18/2011,,"Eschscholzia californica Cham.",0,,,,,,,"original determination",urn:uuid:52227307-99d5-4c84-a4e5-a5d5cbbeefbb,"2018-12-21 16:49:08"
1347945,,,5/18/2011,,"Eschscholzia californica Cham.",0,,,,,,,"original determination",urn:uuid:4557fe68-18aa-4973-a32b-b6aed5912d9b,"2018-12-21 16:49:08"
1347946,,,5/18/2011,,"Eschscholzia californica Cham.",0,,,,,,,"original determination",urn:uuid:4bddefc1-9e5c-4ce3-b2cc-de02f9f1ac1a,"2018-12-21 16:49:08"
1347947,,,5/18/2011,,"Eschscholzia californica Cham.",0,,,,,,,"original determination",urn:uuid:485722f6-1239-4bd3-937d-06b2704e5530,"2018-12-21 16:49:08"
1347948,,,5/18/2011,,"Eschscholzia californica Cham.",0,,,,,,,"original determination",urn:uuid:d71dd938-acb4-4d72-8a3b-b11fb2569244,"2018-12-21 16:49:08"
1347949,,,5/18/2011,,"Eschscholzia californica Cham.",0,,,,,,,"original determination",urn:uuid:afeb8bc7-b12f-470e-8b93-6bba2b4443a1,"2018-12-21 16:49:08"
1347950,,,5/18/2011,,"Eschscholzia californica Cham.",0,,,,,,,"original determination",urn:uuid:43abf30e-16a4-4845-ab2d-7a1d5ad20c20,"2018-12-21 16:49:08"
1347951,,,5/18/2011,,"Eschscholzia californica Cham.",0,,,,,,,"original determination",urn:uuid:b45ca381-f07b-4975-afa0-36aae18ea981,"2018-12-21 16:49:08"
1347952,,,5/18/2011,,"Eschscholzia californica Cham.",0,,,,,,,"original determination",urn:uuid:4c0e6185-fc86-4f3e-b664-94c334d379f2,"2018-12-21 16:49:08"
1347953,,,5/18/2011,,"Eschscholzia californica Cham.",0,,,,,,,"original determination",urn:uuid:8e95a4ee-ce53-4234-a37b-0e32e8caa95a,"2018-12-21 16:49:08"
1347954,,,5/18/2011,,"Eschscholzia californica Cham.",0,,,,,,,"original determination",urn:uuid:0db29a55-1feb-498b-b968-f3d97cd5ac2d,"2018-12-21 16:49:08"
1347955,,,5/18/2011,,"Eschscholzia californica Cham.",0,,,,,,,"original determination",urn:uuid:802ad3ac-7465-4abe-83c9-af1726e07c6e,"2018-12-21 16:49:08"
1347956,,,5/18/2011,,"Eschscholzia californica Cham.",0,,,,,,,"original determination",urn:uuid:7f7fe905-b3cd-4512-8b2d-deef9507c0e5,"2018-12-21 16:49:08"
1347957,,,5/18/2011,,"Eschscholzia californica Cham.",0,,,,,,,"original determination",urn:uuid:422217fc-0765-4b3c-81a4-df6b1d022d3d,"2018-12-21 16:49:08"
1347958,,,5/18/2011,,"Eschscholzia californica Cham.",0,,,,,,,"original determination",urn:uuid:16697569-9a22-45da-b97e-d572cadfa2b8,"2018-12-21 16:49:08"
1347959,,,5/18/2011,,"Eschscholzia californica Cham.",0,,,,,,,"original determination",urn:uuid:1cace5ce-8ac5-4e8a-9f0f-158191dae609,"2018-12-21 16:49:08"
1347961,,,5/18/2011,,"Eschscholzia californica Cham.",0,,,,,,,"original determination",urn:uuid:d4ce7172-6935-4815-a433-ad034443b4be,"2018-12-21 16:49:08"
1347962,,,5/18/2011,,"Eschscholzia californica Cham.",0,,,,,,,"original determination",urn:uuid:7b61595c-161a-40c3-9241-fb2219dae6bf,"2018-12-21 16:49:08"
1347963,,,5/18/2011,,"Eschscholzia californica Cham.",0,,,,,,,"original determination",urn:uuid:5d07cb3b-faed-4042-a4b3-807e31ac5194,"2018-12-21 16:49:08"
1348015,,,5/18/2011,,"Eschscholzia californica Cham.",0,,,,,,,"original determination",urn:uuid:fbecef59-82c0-4a31-909e-3b03089f9fdf,"2018-12-21 16:49:08"
1348016,,,5/18/2011,,"Eschscholzia californica Cham.",0,,,,,,,"original determination",urn:uuid:72f98109-d185-464c-b21a-66c116e2f940,"2018-12-21 16:49:08"
1348033,,,5/18/2011,,"Eschscholzia californica Cham.",0,,,,,,,"original determination",urn:uuid:75880d91-078d-4e17-a22d-c541cd370f0f,"2018-12-21 16:49:08"
1348063,,,5/18/2011,,"Eschscholzia californica Cham.",0,,,,,,,"original determination",urn:uuid:68c422f5-1519-4da2-9209-7368bdbf569a,"2018-12-21 16:49:08"
1348064,,,5/18/2011,,"Eschscholzia californica Cham.",0,,,,,,,"original determination",urn:uuid:c8097bac-0b00-4a90-b66e-ee4a9fa74705,"2018-12-21 16:49:08"
1348089,,,5/18/2011,,"Eschscholzia californica Cham.",0,,,,,,,"original determination",urn:uuid:9f07db1f-d39c-4ac9-933f-89a7252b6084,"2018-12-21 16:49:08"
1348135,,,5/18/2011,,"Eschscholzia californica Cham.",0,,,,,,,"original determination",urn:uuid:639918fe-852b-49ae-9e49-d11ea40a6a99,"2018-12-21 16:49:08"
1348137,,,5/18/2011,,"Eschscholzia californica Cham.",0,,,,,,,"original determination",urn:uuid:0283498a-d6f4-4d5b-a5a0-733904449179,"2018-12-21 16:49:08"
1348142,,,5/18/2011,,"Eschscholzia californica Cham.",0,,,,,,,"original determination",urn:uuid:2ce56013-6587-43ef-9888-a19e8a1103fe,"2018-12-21 16:49:08"
1348940,,,,,Eschscholzia,0,,,,,,,,urn:uuid:b56c8b16-e986-445b-afa3-5122e8f7be18,"2018-12-21 16:49:08"
1348940,,,,,"Eschscholzia caespitosa Benth.",0,,,,,,,"original determination",urn:uuid:9494a152-2677-4966-b8c9-48e6f7bda67c,"2018-12-21 16:49:08"
1348940,"Curtis Clark",,19-Jan-84,,"Eschscholzia caespitosa Benth.",0,,,,,,,,urn:uuid:bd9e73d4-ad61-47ce-ace9-c90d92010f06,"2018-12-21 16:49:08"
1348940,"Shannon M. Still",,May-11,,"Eschscholzia californica Cham.",0,,,,,,,,urn:uuid:4aa7f298-95d7-4548-8a2c-a7d3a9d73b15,"2018-12-21 16:49:08"
1348943,,,,,Eschscholzia,0,,,,,,,,urn:uuid:8e12934f-dd14-4c34-bf41-fa132f787432,"2018-12-21 16:49:08"
1348943,,,,,"Eschscholzia caespitosa Benth.",0,,,,,,,"original determination",urn:uuid:c966f5d8-e59f-4b95-bac8-84c156c4e47e,"2018-12-21 16:49:08"
1348943,"Shannon M. Still",,May-11,,"Eschscholzia californica Cham.",0,,,,,,,,urn:uuid:86dfae5f-b6b8-48d5-ad6e-1cd1633f32e0,"2018-12-21 16:49:08"
1348953,,,,,"Eschscholzia californica Cham.",0,,,,,,,"original determination",urn:uuid:05e7d5f8-b66d-4bbb-a525-47f41ad07e3c,"2018-12-21 16:49:08"
1348953,"Shannon M. Still",,May-11,,"Eschscholzia californica Cham.",0,,,,,,,,urn:uuid:98a9657c-e5e4-4fc0-8921-d7b880e42d55,"2018-12-21 16:49:08"
1348954,,,,,"Eschscholzia californica Cham.",0,,,,,,,"original determination",urn:uuid:55285f78-381e-4108-b63f-d746cf9bc592,"2018-12-21 16:49:08"
1348954,"Shannon M. Still",,May-11,,"Eschscholzia californica Cham.",0,,,,,,,,urn:uuid:6a2f9333-6263-49c3-85dc-eb990e1eceea,"2018-12-21 16:49:08"
1348955,,,,,"Eschscholzia californica Cham.",0,,,,,,,"original determination",urn:uuid:d2b0416c-240f-413b-aab3-48df467b01fb,"2018-12-21 16:49:08"
1348955,"Shannon M. Still",,May-11,,"Eschscholzia californica Cham.",0,,,,,,,,urn:uuid:71c88306-e620-4a05-9ae7-1408c1d47611,"2018-12-21 16:49:08"
1348957,,,,,"Eschscholzia californica Cham.",0,,,,,,,"original determination",urn:uuid:d1e97c8f-9817-49a0-8493-aaac37503454,"2018-12-21 16:49:08"
1348957,"Shannon M. Still",,May-11,,"Eschscholzia californica Cham.",0,,,,,,,,urn:uuid:ffd86057-1b97-49af-bb65-dae8429aaced,"2018-12-21 16:49:08"
1348959,,,,,"Eschscholzia californica Cham.",0,,,,,,,"original determination",urn:uuid:b768e151-dea7-47a3-ac07-fd37369e5eac,"2018-12-21 16:49:08"
1348959,"Shannon M. Still",,May-11,,"Eschscholzia californica Cham.",0,,,,,,,,urn:uuid:e7e74e1a-c868-4cb3-90be-2d86deeb4848,"2018-12-21 16:49:08"
1348960,,,,,"Eschscholzia californica Cham.",0,,,,,,,"original determination",urn:uuid:6b0e2733-9992-4d52-ac76-9499b15d0f31,"2018-12-21 16:49:08"
1348960,"Shannon M. Still",,May-11,,"Eschscholzia californica Cham.",0,,,,,,,,urn:uuid:2b1931e0-4f5e-466d-8216-8fe876e3d9bd,"2018-12-21 16:49:08"
1348961,,,,,"Eschscholzia californica Cham. subsp. californica",0,,,,,,,"original determination",urn:uuid:af30eda4-0bf8-4960-a335-6030951934e7,"2018-12-21 16:49:08"
1348961,"Shannon M. Still",,May-11,,"Eschscholzia californica Cham.",0,,,,,,,,urn:uuid:c8fca897-b1b9-46ea-9aec-c21edb68d70f,"2018-12-21 16:49:08"
1348962,,,,,"Eschscholzia californica Cham. subsp. californica",0,,,,,,,"original determination",urn:uuid:f1e14075-c3e7-4a6e-971a-b4c1cf429e20,"2018-12-21 16:49:08"
1348962,"Shannon M. Still",,May-11,,"Eschscholzia californica Cham.",0,,,,,,,,urn:uuid:f80c44dc-6525-42df-a708-f57cfbf637b1,"2018-12-21 16:49:08"
1348963,,,,,"Eschscholzia californica Cham. subsp. californica",0,,,,,,,"original determination",urn:uuid:6b2523c2-3274-424a-bdc9-f08f4a2b82fc,"2018-12-21 16:49:08"
1348963,"Shannon M. Still",,May-11,,"Eschscholzia californica Cham.",0,,,,,,,,urn:uuid:db022369-ec59-44d6-9540-e125b07ddc94,"2018-12-21 16:49:08"
1348964,,,,,"Eschscholzia californica Cham. subsp. californica",0,,,,,,,"original determination",urn:uuid:eb09fd29-26c5-4d6a-a1b3-b36ac1d33726,"2018-12-21 16:49:08"
1348964,"Shannon M. Still",,May-11,,"Eschscholzia californica Cham.",0,,,,,,,,urn:uuid:18cae918-8291-494a-8d53-f8118a1d99cc,"2018-12-21 16:49:08"
1348965,,,,,"Eschscholzia californica Cham. subsp. californica",0,,,,,,,"original determination",urn:uuid:e348a39c-a268-449b-b9b6-61e9c0a47a51,"2018-12-21 16:49:08"
1348965,"Shannon M. Still",,May-11,,"Eschscholzia californica Cham.",0,,,,,,,,urn:uuid:6ba7b9c0-04e1-4732-9773-5a89a27d052f,"2018-12-21 16:49:08"
1348966,,,,,"Eschscholzia californica Cham. subsp. californica",0,,,,,,,"original determination",urn:uuid:b6300661-b0b2-4791-aff1-a18256429a1d,"2018-12-21 16:49:08"
1348966,"Shannon M. Still",,May-11,,"Eschscholzia californica Cham.",0,,,,,,,,urn:uuid:ec3ab354-39c5-4c65-89c6-8dd182af2eb5,"2018-12-21 16:49:08"
1348968,,,,,"Eschscholzia californica Cham. subsp. californica",0,,,,,,,"original determination",urn:uuid:3b53d16a-a256-4aaa-ba28-a045b793b33c,"2018-12-21 16:49:08"
1348968,"Shannon M. Still",,May-11,,"Eschscholzia californica Cham.",0,,,,,,,,urn:uuid:76bc1efe-43ee-4dc8-962f-79b92f4e208e,"2018-12-21 16:49:08"
1348969,,,,,"Eschscholzia californica Cham. subsp. californica",0,,,,,,,"original determination",urn:uuid:d05a03b8-c559-4267-8682-af8d08e161aa,"2018-12-21 16:49:08"
1348969,"Shannon M. Still",,May-11,,"Eschscholzia californica Cham.",0,,,,,,,,urn:uuid:e35c3b7e-7dac-4cbf-b05c-2a039e55a502,"2018-12-21 16:49:08"
1348970,,,,,"Eschscholzia californica Cham. subsp. californica",0,,,,,,,"original determination",urn:uuid:d24ec893-7838-44ea-9533-a9a36db4f89f,"2018-12-21 16:49:08"
1348970,"Shannon M. Still",,May-11,,"Eschscholzia californica Cham.",0,,,,,,,,urn:uuid:5840974e-a3a5-4c19-93c0-dc33c060d04d,"2018-12-21 16:49:08"
1348971,,,,,"Eschscholzia californica Cham. subsp. californica",0,,,,,,,"original determination",urn:uuid:1858492f-7f7d-44e0-90fa-626e9bc81506,"2018-12-21 16:49:08"
1348971,"Shannon M. Still",,May-11,,"Eschscholzia californica Cham.",0,,,,,,,,urn:uuid:327f34b0-b7f4-4bee-b9e3-465eb72a683e,"2018-12-21 16:49:08"
1348974,,,,,"Eschscholzia californica Cham. subsp. californica",0,,,,,,,"original determination",urn:uuid:c4df62a4-fb8d-427c-ac07-7c3dbf381849,"2018-12-21 16:49:08"
1348974,"Shannon M. Still",,May-11,,"Eschscholzia californica Cham.",0,,,,,,,,urn:uuid:4135ab2b-1dd4-43b5-93fe-12ee94b1bb36,"2018-12-21 16:49:08"
1348975,,,,,"Eschscholzia californica Cham. subsp. californica",0,,,,,,,"original determination",urn:uuid:9f67ca32-ec49-4233-bbd5-1a9ab02cf23d,"2018-12-21 16:49:08"
1348975,"Shannon M. Still",,May-11,,"Eschscholzia californica Cham.",0,,,,,,,,urn:uuid:32722583-ec8c-43f3-b0b9-a78ce80fb094,"2018-12-21 16:49:08"
1348976,,,,,"Eschscholzia californica Cham. subsp. californica",0,,,,,,,"original determination",urn:uuid:60d6d661-f5da-4770-b2e7-3bb3a2bb96bd,"2018-12-21 16:49:08"
1348976,"Shannon M. Still",,May-11,,"Eschscholzia californica Cham.",0,,,,,,,,urn:uuid:ab1309dd-e6bf-4b66-bd66-9a70c2f7c0e8,"2018-12-21 16:49:08"
1348977,,,,,"Eschscholzia californica Cham. subsp. californica",0,,,,,,,"original determination",urn:uuid:ad3dd290-8ebe-42aa-9c86-4ad0e44095e3,"2018-12-21 16:49:08"
1348977,"Shannon M. Still",,May-11,,"Eschscholzia californica Cham.",0,,,,,,,,urn:uuid:589bfda1-a2d8-4bbd-b063-c2f899a2c9b2,"2018-12-21 16:49:08"
1348979,,,,,"Eschscholzia californica Cham. subsp. californica",0,,,,,,,"original determination",urn:uuid:3366ec1a-c0cb-4485-8b08-6f28e45c85ee,"2018-12-21 16:49:08"
1348979,"Shannon M. Still",,May-11,,"Eschscholzia californica Cham.",0,,,,,,,,urn:uuid:f905b740-7842-461b-9bf3-5f33847acf60,"2018-12-21 16:49:08"
1348981,,,,,"Eschscholzia californica Cham. subsp. californica",0,,,,,,,"original determination",urn:uuid:f4af846e-badd-4867-acc3-d8b7de7e7df8,"2018-12-21 16:49:08"
1348981,"Shannon M. Still",,May-11,,"Eschscholzia californica Cham.",0,,,,,,,,urn:uuid:4efd6f7d-3286-4662-a698-b2254c11e3aa,"2018-12-21 16:49:08"
1348982,,,,,"Eschscholzia californica Cham. subsp. californica",0,,,,,,,"original determination",urn:uuid:4ca96114-3d10-411a-a2f6-31d13d46fe57,"2018-12-21 16:49:08"
1348982,"Shannon M. Still",,May-11,,"Eschscholzia californica Cham.",0,,,,,,,,urn:uuid:784292f0-437b-4900-ae4e-0a9f6526d53c,"2018-12-21 16:49:08"
1348983,,,,,"Eschscholzia californica Cham. subsp. californica",0,,,,,,,"original determination",urn:uuid:a3b4555a-125b-4b09-8e6a-c838faca0526,"2018-12-21 16:49:08"
1348983,"Shannon M. Still",,May-11,,"Eschscholzia californica Cham.",0,,,,,,,,urn:uuid:73e92937-490a-4dbb-b108-82a3a8ab57df,"2018-12-21 16:49:08"
1348984,,,,,"Eschscholzia californica Cham.",0,,,,,,,"original determination",urn:uuid:6260738a-164c-47f0-acaf-f203fb0f47fd,"2018-12-21 16:49:08"
1348984,"Shannon M. Still",,May-11,,"Eschscholzia californica Cham.",0,,,,,,,,urn:uuid:38bedfe0-30a0-4656-8c4e-e2f512445640,"2018-12-21 16:49:08"
1348986,,,,,"Eschscholzia californica Cham.",0,,,,,,,"original determination",urn:uuid:7d305e78-27ce-4b1e-b0bf-6450071ddcff,"2018-12-21 16:49:08"
1348986,"Shannon M. Still",,May-11,,"Eschscholzia californica Cham.",0,,,,,,,,urn:uuid:1ae12972-9e8c-425b-b5e5-14f3b77b86b2,"2018-12-21 16:49:08"
1348987,,,,,"Eschscholzia californica Cham.",0,,,,,,,"original determination",urn:uuid:87bf5e74-4507-459b-a8a3-15078a7a310f,"2018-12-21 16:49:08"
1348987,"Shannon M. Still",,May-11,,"Eschscholzia californica Cham.",0,,,,,,,,urn:uuid:2c5e18f2-bde3-4ad2-834d-d9d68d62faa4,"2018-12-21 16:49:08"
1348988,,,,,"Eschscholzia californica Cham.",0,,,,,,,"original determination",urn:uuid:60eb0689-10a7-4d05-86d8-38940045fdb4,"2018-12-21 16:49:08"
1348988,"Shannon M. Still",,May-11,,"Eschscholzia californica Cham.",0,,,,,,,,urn:uuid:281a903a-2f0d-4434-a095-3c5badd90295,"2018-12-21 16:49:08"
1348989,,,,,"Eschscholzia californica Cham.",0,,,,,,,"original determination",urn:uuid:21394fea-4b94-4ec1-929f-5dea901c3b0e,"2018-12-21 16:49:08"
1348989,"Shannon M. Still",,May-11,,"Eschscholzia californica Cham.",0,,,,,,,,urn:uuid:07e07dea-411f-42af-b70e-94da2fe121bd,"2018-12-21 16:49:08"
1348991,,,,,"Eschscholzia californica Cham.",0,,,,,,,"original determination",urn:uuid:09ffeb5e-3472-4c71-bd04-22b8f8149b31,"2018-12-21 16:49:08"
1348991,"Shannon M. Still",,May-11,,"Eschscholzia californica Cham.",0,,,,,,,,urn:uuid:14b856a7-d261-4752-87ad-b2a5cf4bc329,"2018-12-21 16:49:08"
1348992,,,,,"Eschscholzia californica Cham.",0,,,,,,,"original determination",urn:uuid:8643e437-19b7-46a1-b3f7-9f92a5c8a246,"2018-12-21 16:49:08"
1348992,"Shannon M. Still",,May-11,,"Eschscholzia californica Cham.",0,,,,,,,,urn:uuid:f2d94179-d7cf-4b21-8bb6-a0cf3fe65fe1,"2018-12-21 16:49:08"
1348993,,,,,"Eschscholzia californica Cham. var. crocea (Benth.) Jeps.",0,,,,,,,"original determination",urn:uuid:ee040155-cc2c-4036-8d75-53ab0236acf5,"2018-12-21 16:49:08"
1348993,"Shannon M. Still",,May-11,,"Eschscholzia californica Cham.",0,,,,,,,,urn:uuid:90fcdacc-f463-4d1d-93b8-74095b5bc037,"2018-12-21 16:49:08"
1348994,,,,,"Eschscholzia californica Cham.",0,,,,,,,"original determination",urn:uuid:ecaad40a-1dec-4401-87d6-74da2f93770b,"2018-12-21 16:49:08"
1348994,"Shannon M. Still",,May-11,,"Eschscholzia californica Cham.",0,,,,,,,,urn:uuid:35d05a99-5892-48f9-8706-5a368e3637c7,"2018-12-21 16:49:08"
1348995,,,,,"Eschscholzia californica Cham.",0,,,,,,,"original determination",urn:uuid:956fcea3-1af1-4fab-9032-588819e7d084,"2018-12-21 16:49:08"
1348995,"Shannon M. Still",,May-11,,"Eschscholzia californica Cham.",0,,,,,,,,urn:uuid:1584a40c-4c2f-4e99-8430-fb9637ae398e,"2018-12-21 16:49:08"
1348996,,,,,"Eschscholzia californica Cham.",0,,,,,,,"original determination",urn:uuid:72d702bd-3239-452e-8f63-58e48ff79893,"2018-12-21 16:49:08"
1348996,"Shannon M. Still",,May-11,,"Eschscholzia californica Cham.",0,,,,,,,,urn:uuid:a50774a4-c7f4-4d1a-9b26-d63e162a2dce,"2018-12-21 16:49:08"
1348997,,,,,"Eschscholzia californica Cham.",0,,,,,,,"original determination",urn:uuid:19c622d8-c981-4c6b-8f47-e30a0afb388b,"2018-12-21 16:49:08"
1348997,"Shannon M. Still",,May-11,,"Eschscholzia californica Cham.",0,,,,,,,,urn:uuid:cfce696d-7c2f-424c-9a12-4e76d102dbf2,"2018-12-21 16:49:08"
1348999,,,,,"Eschscholzia californica Cham.",0,,,,,,,"original determination",urn:uuid:8be100f4-240e-4ca8-98f2-bf19541ec92b,"2018-12-21 16:49:08"
1348999,"Shannon M. Still",,May-11,,"Eschscholzia californica Cham.",0,,,,,,,,urn:uuid:a639c22d-4b58-48d5-933d-e458a5415cb9,"2018-12-21 16:49:08"
1349000,,,,,"Eschscholzia californica Cham.",0,,,,,,,"original determination",urn:uuid:7b6bf361-9b63-4a46-981f-7a0d2cdc2951,"2018-12-21 16:49:08"
1349000,"Shannon M. Still",,May-11,,"Eschscholzia californica Cham.",0,,,,,,,,urn:uuid:e6e41179-0a46-46ae-8056-49ff770e11ab,"2018-12-21 16:49:08"
1349001,,,,,"Eschscholzia californica Cham.",0,,,,,,,"original determination",urn:uuid:f3fd0b6b-fb1b-40a6-8c32-545be37f4c65,"2018-12-21 16:49:08"
1349001,"Shannon M. Still",,May-11,,"Eschscholzia californica Cham.",0,,,,,,,,urn:uuid:e80dc4da-ee94-489c-b99e-2d596b991614,"2018-12-21 16:49:08"
1349002,,,,,"Eschscholzia californica Cham.",0,,,,,,,"original determination",urn:uuid:9d9991ca-3d25-45af-b275-dd035dd5d662,"2018-12-21 16:49:08"
1349002,"Shannon M. Still",,May-11,,"Eschscholzia californica Cham.",0,,,,,,,,urn:uuid:5a8ef7de-3e99-4a42-9de0-c6d27a1e4c34,"2018-12-21 16:49:08"
1349003,,,,,"Eschscholzia californica Cham.",0,,,,,,,"original determination",urn:uuid:e204aa6b-ec4b-44de-8219-1340f17dcb55,"2018-12-21 16:49:08"
1349003,"Shannon M. Still",,May-11,,"Eschscholzia californica Cham.",0,,,,,,,,urn:uuid:5bb56706-5bad-40e4-bd8b-22b5a2fcb270,"2018-12-21 16:49:08"
1349004,,,,,"Eschscholzia californica Cham.",0,,,,,,,"original determination",urn:uuid:dc002577-efef-4d09-b6c1-c0a22c9a8907,"2018-12-21 16:49:08"
1349004,"Shannon M. Still",,May-11,,"Eschscholzia californica Cham.",0,,,,,,,,urn:uuid:5d1d4207-4201-4bb9-a219-a4a383f61d14,"2018-12-21 16:49:08"
1349005,,,,,"Eschscholzia californica Cham.",0,,,,,,,"original determination",urn:uuid:e3860736-c28e-4f0d-91c4-7581cb167d7e,"2018-12-21 16:49:08"
1349005,"Shannon M. Still",,May-11,,"Eschscholzia californica Cham.",0,,,,,,,,urn:uuid:9e156cc4-6f45-4cba-91aa-00bceb52d8fc,"2018-12-21 16:49:08"
1349006,,,,,"Eschscholzia californica Cham.",0,,,,,,,"original determination",urn:uuid:8f0c79ac-e61c-4afc-9b4e-44ddfff13606,"2018-12-21 16:49:08"
1349006,"Shannon M. Still",,May-11,,"Eschscholzia californica Cham.",0,,,,,,,,urn:uuid:7324be49-94af-4c27-924f-9c9f2800f7ec,"2018-12-21 16:49:08"
1349007,,,,,"Eschscholzia californica Cham.",0,,,,,,,"original determination",urn:uuid:9b774697-f208-4195-9e71-41031f861ca7,"2018-12-21 16:49:08"
1349007,"Shannon M. Still",,May-11,,"Eschscholzia californica Cham.",0,,,,,,,,urn:uuid:44a9d83a-748a-4ec2-b1b0-7875b1a34117,"2018-12-21 16:49:08"
1349008,,,,,"Eschscholzia californica Cham.",0,,,,,,,"original determination",urn:uuid:ae3f828b-9bf2-493c-be76-cbe7a1854b1a,"2018-12-21 16:49:08"
1349008,"Shannon M. Still",,May-11,,"Eschscholzia californica Cham.",0,,,,,,,,urn:uuid:bf0c1182-959a-470d-96c4-449d6559c4ce,"2018-12-21 16:49:08"
1349010,,,,,"Eschscholzia californica Cham.",0,,,,,,,"original determination",urn:uuid:069e94d7-fac4-4dd4-b437-a8fd703d8b48,"2018-12-21 16:49:08"
1349010,"Shannon M. Still",,May-11,,"Eschscholzia californica Cham.",0,,,,,,,,urn:uuid:1eee8a5e-ace3-4e4f-a40c-2cff79ab3e14,"2018-12-21 16:49:08"
1349012,,,,,"Eschscholzia californica Cham.",0,,,,,,,"original determination",urn:uuid:6f5d6403-30fe-4999-b7f5-9bc8c0de190a,"2018-12-21 16:49:08"
1349012,"Shannon M. Still",,May-11,,"Eschscholzia californica Cham.",0,,,,,,,,urn:uuid:e65778bd-9bfd-4d4a-ba66-48db28f125d3,"2018-12-21 16:49:08"
1349013,,,,,"Eschscholzia californica Cham.",0,,,,,,,"original determination",urn:uuid:ca5b57cd-e557-4eab-ad2f-54bbe102ca8c,"2018-12-21 16:49:08"
1349013,"Shannon M. Still",,May-11,,"Eschscholzia californica Cham.",0,,,,,,,,urn:uuid:dfdb539e-d5fc-4e1e-b134-b10d3e83aef1,"2018-12-21 16:49:08"
1349014,,,,,"Eschscholzia californica Cham.",0,,,,,,,"original determination",urn:uuid:de202143-28a5-4fa9-b085-dd80b61b6a27,"2018-12-21 16:49:08"
1349014,"Shannon M. Still",,May-11,,"Eschscholzia californica Cham.",0,,,,,,,,urn:uuid:c928e708-48fc-4dc9-b1c8-dad2f1f85550,"2018-12-21 16:49:08"
1349015,,,,,"Eschscholzia californica Cham.",0,,,,,,,"original determination",urn:uuid:fed041c9-939f-4181-b413-a2df5663586f,"2018-12-21 16:49:08"
1349015,"Shannon M. Still",,May-11,,"Eschscholzia californica Cham.",0,,,,,,,,urn:uuid:f72f219a-f9c7-4aef-aa9f-0918f3c1b2fb,"2018-12-21 16:49:08"
1349017,,,,,"Eschscholzia californica Cham.",0,,,,,,,"original determination",urn:uuid:b4910453-08fb-4832-8e24-06d1544602c9,"2018-12-21 16:49:08"
1349017,"Shannon M. Still",,May-11,,"Eschscholzia californica Cham.",0,,,,,,,,urn:uuid:7475a835-2a63-4893-8765-b415ab56bb95,"2018-12-21 16:49:08"
1349019,,,,,"Eschscholzia californica Cham. var. maritima Jeps.",0,,,,,,,"original determination",urn:uuid:9947bd19-bd67-47fa-8447-11f2d8c3c13b,"2018-12-21 16:49:08"
1349019,"Filing synonymy",,,,"Eschscholzia californica Cham. subsp. californica",0,,,,,,,,urn:uuid:230e5daf-e5df-4ff6-bca0-f0370b5b7fb9,"2018-12-21 16:49:08"
1349019,"Curtis Clark",,19-Jan-84,,"Eschscholzia californica Cham. subsp. californica",0,,,,,,,,urn:uuid:950754f4-18d1-4bcf-a7f6-eacca6579895,"2018-12-21 16:49:08"
1349019,"Shannon M. Still",,May-11,,"Eschscholzia californica Cham.",0,,,,,,,,urn:uuid:45b577fb-6239-45aa-abf4-01ceb54f9c01,"2018-12-21 16:49:08"
1349021,,,,,"Eschscholzia californica Cham.",0,,,,,,,"original determination",urn:uuid:d4aca9c4-f87b-444c-8cd2-4cd846f36d39,"2018-12-21 16:49:08"
1349021,"Shannon M. Still",,May-11,,"Eschscholzia californica Cham.",0,,,,,,,,urn:uuid:b6c6457a-8b08-4807-aa6d-3273e0a1d53c,"2018-12-21 16:49:08"
1349023,,,,,"Eschscholzia californica Cham.",0,,,,,,,"original determination",urn:uuid:a1da689c-2a23-4754-acf8-9746c46d1638,"2018-12-21 16:49:08"
1349023,"Shannon M. Still",,May-11,,"Eschscholzia californica Cham.",0,,,,,,,,urn:uuid:65dc6fa8-8e19-48a1-95d6-3b6a7bf68e61,"2018-12-21 16:49:08"
1349025,,,,,"Eschscholzia californica Cham.",0,,,,,,,"original determination",urn:uuid:8e654393-3133-4d0b-a07c-81a657063af1,"2018-12-21 16:49:08"
1349025,"Shannon M. Still",,May-11,,"Eschscholzia californica Cham.",0,,,,,,,,urn:uuid:32d21ba2-4a20-47c8-9c08-22857ced2959,"2018-12-21 16:49:08"
1349026,,,,,"Eschscholzia californica Cham.",0,,,,,,,"original determination",urn:uuid:d86da97d-b9fb-4864-aef0-eaf70335ea77,"2018-12-21 16:49:08"
1349026,"Shannon M. Still",,May-11,,"Eschscholzia californica Cham.",0,,,,,,,,urn:uuid:8907883c-7dca-459d-85cf-8c23425769cf,"2018-12-21 16:49:08"
1349027,,,,,"Eschscholzia californica Cham.",0,,,,,,,"original determination",urn:uuid:c98fae73-48f4-4a84-9b98-30dd86a35422,"2018-12-21 16:49:08"
1349027,"Shannon M. Still",,May-11,,"Eschscholzia californica Cham.",0,,,,,,,,urn:uuid:11a19517-9bbd-4cb4-901d-ddec453ddf2d,"2018-12-21 16:49:08"
1349028,,,,,"Eschscholzia californica Cham.",0,,,,,,,"original determination",urn:uuid:c59d7435-bdb8-49e0-a43f-9c724a743877,"2018-12-21 16:49:08"
1349028,"Shannon M. Still",,May-11,,"Eschscholzia californica Cham.",0,,,,,,,,urn:uuid:1f8ddd4e-0f12-4a01-8831-a8e62536a810,"2018-12-21 16:49:08"
1349029,,,,,"Eschscholzia californica Cham.",0,,,,,,,"original determination",urn:uuid:4132297f-a88b-4f89-ba2f-46de63edeed3,"2018-12-21 16:49:08"
1349029,"Shannon M. Still",,May-11,,"Eschscholzia californica Cham.",0,,,,,,,,urn:uuid:2a6e34d6-8b53-4e2c-a58e-80803e571633,"2018-12-21 16:49:08"
1349030,,,,,"Eschscholzia californica Cham.",0,,,,,,,"original determination",urn:uuid:41ed2033-e125-47e4-bf74-3eeb470abe60,"2018-12-21 16:49:08"
1349030,"Shannon M. Still",,May-11,,"Eschscholzia californica Cham.",0,,,,,,,,urn:uuid:32e367bd-693d-48f5-a72f-7dd7474f80d2,"2018-12-21 16:49:08"
1349031,,,,,"Eschscholzia californica Cham.",0,,,,,,,"original determination",urn:uuid:e4f5067f-c16c-4e99-b89b-e0ce29e514d2,"2018-12-21 16:49:08"
1349031,"Shannon M. Still",,May-11,,"Eschscholzia californica Cham.",0,,,,,,,,urn:uuid:2168cad2-2e07-4425-9313-48e7a66bc8ad,"2018-12-21 16:49:08"
1349032,,,,,"Eschscholzia californica Cham.",0,,,,,,,"original determination",urn:uuid:8c31d739-afaa-422c-8dcc-c41d809b64c6,"2018-12-21 16:49:08"
1349032,"Shannon M. Still",,May-11,,"Eschscholzia californica Cham.",0,,,,,,,,urn:uuid:35d11a3f-ccdd-4a07-8066-b781633e5731,"2018-12-21 16:49:08"
1349033,,,,,"Eschscholzia californica Cham.",0,,,,,,,"original determination",urn:uuid:80c97448-44c6-4bfb-96f4-8593c6522f82,"2018-12-21 16:49:08"
1349033,"Shannon M. Still",,May-11,,"Eschscholzia californica Cham.",0,,,,,,,,urn:uuid:b24d5a42-218f-48f4-a44b-540ad109449b,"2018-12-21 16:49:08"
1350017,,,6/24/2011,,"Eschscholzia californica Cham.",0,,,,,,,"original determination",urn:uuid:1282ae29-8ce5-4b7f-8f67-1c7ea0eccfb7,"2018-12-21 16:49:08"
1350018,,,6/24/2011,,"Eschscholzia californica Cham.",0,,,,,,,"original determination",urn:uuid:91efb118-0448-4eaa-9ac1-4e8111af5476,"2018-12-21 16:49:08"
1353345,,,,,"Eschscholzia californica Cham.",0,,,,,,,"original determination",urn:uuid:9d857085-bb9f-44d3-9983-5b165ce49f0e,"2018-12-21 16:49:08"
1353348,,,,,"Eschscholzia californica Cham.",0,,,,,,,"original determination",urn:uuid:1108d32f-d2ac-43a4-9e56-5723e9243217,"2018-12-21 16:49:08"
1353354,,,,,"Eschscholzia californica Cham.",0,,,,,,,"original determination",urn:uuid:67189cec-e0d6-4bcc-a8ff-5e92de95d279,"2018-12-21 16:49:08"
1353356,,,,,"Eschscholzia californica Cham.",0,,,,,,,"original determination",urn:uuid:226f854e-af49-42b9-8576-a6cf371eb2d1,"2018-12-21 16:49:08"
1353361,,,,,"Eschscholzia californica Cham.",0,,,,,,,"original determination",urn:uuid:29b2a01a-e3c0-4016-b8ee-a0b2751664b7,"2018-12-21 16:49:08"
1353364,,,,,"Eschscholzia californica Cham.",0,,,,,,,"original determination",urn:uuid:da46a711-ff66-4ae8-8d07-91ff415c8a43,"2018-12-21 16:49:08"
1353366,,,,,"Eschscholzia californica Cham.",0,,,,,,,"original determination",urn:uuid:eb88c30d-ee09-4fd8-ba26-6475f8e833db,"2018-12-21 16:49:08"
1353367,,,,,"Eschscholzia californica Cham.",0,,,,,,,"original determination",urn:uuid:c6109603-3318-454e-866e-724db9ddaf65,"2018-12-21 16:49:08"
1353842,,,,,"Eschscholzia californica Cham.",0,,,,,,,"original determination",urn:uuid:a88658a0-e118-4e5b-8ae8-17c606fbd71f,"2018-12-21 16:49:08"
1353847,,,,,"Eschscholzia californica Cham.",0,,,,,,,"original determination",urn:uuid:45152d6c-bcff-4188-b3e7-e60e74e4b4cd,"2018-12-21 16:49:08"
1353886,,,,,"Eschscholzia californica Cham.",0,,,,,,,"original determination",urn:uuid:62b3db52-c029-4b25-82dc-ff5e30e2ca27,"2018-12-21 16:49:08"
1353907,,,,,"Eschscholzia californica Cham.",0,,,,,,,"original determination",urn:uuid:18e32427-d12b-415e-bea2-05494ea59f63,"2018-12-21 16:49:08"
1353908,,,,,"Eschscholzia californica Cham.",0,,,,,,,"original determination",urn:uuid:589c22a8-21ac-4dd1-99f5-0c92604fecb7,"2018-12-21 16:49:08"
1358434,,,,,"Eschscholzia californica Cham.",0,,,,,,,"original determination",urn:uuid:2ca6448f-2394-4321-8a8a-00e58cac68f6,"2018-12-21 16:49:08"
1358637,,,,,"Eschscholzia californica Cham. subsp. californica",0,,,,,,,"original determination",urn:uuid:19b2fc96-3fa7-4803-978c-7513bd0e1022,"2018-12-21 16:49:08"
1358637,"Acc. Jepson Manual II (online)",,2011,,"Eschscholzia californica Cham.",0,,,,,,,,urn:uuid:2a36a301-b01c-403a-be9a-3687892401cd,"2018-12-21 16:49:08"
1362276,,,,,"Eschscholzia californica Cham.",0,,,,,,,"original determination",urn:uuid:3aa5faf2-fb86-4be2-a3a9-f327de33713a,"2018-12-21 16:49:08"
1362752,,,,,"Eschscholzia californica Cham.",0,,,,,,,"original determination",urn:uuid:a1e2ccc7-f516-4926-88a1-e40359f65281,"2018-12-21 16:49:08"
1370562,,,,,"Eschscholzia californica Cham.",0,,,,,,,"original determination",urn:uuid:c3deee74-13ce-406a-aedb-21bab0340dea,"2018-12-21 16:49:08"
1384126,,,,,"Eschscholzia californica Cham.",0,,,,,,,"original determination",urn:uuid:95546373-bdaf-4278-b586-8a2302ae6a6b,"2018-12-21 16:49:08"
1396785,,,,,"Eschscholzia californica Cham.",0,,,,,,,"original determination",urn:uuid:48275e3d-047f-4d8f-8356-4cf389ca35be,"2018-12-21 16:49:08"
1398529,,,,,"Eschscholzia californica Cham.",0,,,,,,,"original determination",urn:uuid:85f34284-383c-4223-85fa-b482017d876a,"2018-12-21 16:49:08"
1398580,,,,,"Eschscholzia californica Cham.",0,,,,,,,"original determination",urn:uuid:5408a258-55bc-4a54-bb03-1f10001e93f8,"2018-12-21 16:49:08"
1400594,,,,,"Eschscholzia californica Cham.",0,,,,,,,"original determination",urn:uuid:0053c2ce-cec3-41e2-9f83-2f4512e03b18,"2018-12-21 16:49:08"
1404279,,,,,"Eschscholzia californica Cham.",0,,,,,,,"original determination",urn:uuid:317b0386-12fe-4fa6-a91b-d1cdb6017554,"2018-12-21 16:49:08"
1404998,,,,,"Eschscholzia californica Cham.",0,,,,,,,"original determination",urn:uuid:61b1399c-4c2b-4638-bca6-292b7a5ba9d9,"2018-12-21 16:49:08"
1406256,,,,,"Eschscholzia californica Cham. subsp. californica Cham.",0,,,,,,,"original determination",urn:uuid:a5d4fa52-ed1e-4b4f-9cef-b579a25f6e18,"2018-12-21 16:49:08"
2031386,Herbarium,,n.d.,,"Eschscholzia californica subsp. californica",0,Cham.,,,,,,,urn:uuid:597bb50e-72ad-4ef8-94f3-9cb897226429,"2019-01-24 23:06:14"
2031386,undetermined,,n.d.,,"Eschscholzia californica var. crocea",0,"(Benth.) Jeps.",,,,,,,urn:uuid:69bcba62-3a45-4dcf-b071-344d60474c33,"2019-02-07 18:21:34"
2031394,Herbarium,,n.d.,,"Eschscholzia californica subsp. californica",0,Cham.,,,,,,,urn:uuid:0ce58f62-01c0-4cbc-8a3f-8cdbb265cf34,"2019-01-24 23:06:14"
2031394,undetermined,,n.d.,,"Eschscholzia californica var. crocea",0,"(Benth.) Jeps.",,,,,,,urn:uuid:0ab633e6-11d7-49c4-aff2-f261fe19d33c,"2019-02-07 18:21:34"
2031404,Herbarium,,n.d.,,"Eschscholzia californica subsp. californica",0,Cham.,,,,,,,urn:uuid:418cc2e9-0a96-4d26-88ca-803c0ecef94a,"2019-01-24 23:06:14"
2031404,undetermined,,n.d.,,"Eschscholzia californica var. crocea",0,"(Benth.) Jeps.",,,,,,,urn:uuid:0d0c4666-8a52-46ac-91ae-f72d42d6e70f,"2019-02-07 18:21:34"
2046531,Herbarium,,n.d.,,"Eschscholzia californica",0,Cham.,,,,,,,urn:uuid:1f624508-308a-45ae-9687-40ee54fe96d4,"2019-01-24 23:06:14"
2046531,undetermined,,n.d.,,"Eschscholzia californica var. crocea",0,Cham.,,,,,,,urn:uuid:fbe62e73-c954-46b6-8a70-d7865aa1de23,"2019-02-07 18:21:34"
2051246,herbarium,,n.d.,,"Eschscholzia californica",0,Cham.,,,,,,,urn:uuid:15640bb0-28fc-4965-8872-9a723b91ab32,"2019-01-24 23:06:14"
2051246,undetermined,,n.d.,,"Eschscholzia caespitosa var. hypecoides",0,Bentham,,,,,,,urn:uuid:dbb868bb-5dce-47b9-b8fc-22a67bbbbd48,"2019-02-07 18:21:34"
